id,"time	",R1,R2,R3,R4,R5,R6,R7,R8,Temp,Humidity
1,-0.99975,12.8621,10.3683,10.4383,11.6699,13.4931,13.3423,8.04169,8.73901,26.2257,59.0528
2,-0.999472,12.8617,10.3682,10.4375,11.6697,13.4927,13.3412,8.04133,8.73908,26.2308,59.0299
3,-0.999194,12.8607,10.3686,10.437,11.6696,13.4924,13.3405,8.04101,8.73915,26.2365,59.0093
4,-0.998916,12.8602,10.3686,10.437,11.6697,13.4921,13.3398,8.04086,8.73936,26.2416,58.9905
5,-0.998627,12.8595,10.3688,10.4374,11.6699,13.4919,13.339,8.04087,8.73986,26.2462,58.9736
6,-0.998349,12.8594,10.3691,10.4376,11.6702,13.4921,13.3382,8.04088,8.74016,26.2503,58.9583
7,-0.998071,12.8595,10.3695,10.4378,11.6702,13.4919,13.3377,8.0406,8.74013,26.2541,58.9445
8,-0.997793,12.8587,10.3696,10.4372,11.6698,13.4916,13.3371,8.04063,8.73963,26.2575,58.9319
9,-0.997515,12.8579,10.3693,10.4365,11.6694,13.4914,13.3365,8.04009,8.73949,26.2606,58.9206
10,-0.997227,12.8573,10.3692,10.4362,11.6693,13.4912,13.3364,8.03989,8.73937,26.2626,58.9103
11,-0.996948,12.8569,10.3695,10.4362,11.6692,13.4913,13.3359,8.0397,8.73956,26.2643,58.901
12,-0.99667,12.8565,10.3696,10.4363,11.6695,13.4911,13.3356,8.03968,8.73958,26.2658,58.8926
13,-0.996392,12.8569,10.3694,10.4362,11.6698,13.4912,13.3352,8.03951,8.73945,26.2671,58.885
14,-0.996114,12.8563,10.3695,10.4365,11.67,13.4915,13.335,8.03951,8.73978,26.2683,58.8781
15,-0.995826,12.8558,10.3698,10.4368,11.6703,13.4918,13.3346,8.0395,8.73994,26.2695,58.8719
16,-0.995548,12.8553,10.3696,10.4367,11.6703,13.4918,13.3347,8.03964,8.74023,26.2705,58.8663
17,-0.99527,12.8549,10.3694,10.4366,11.6705,13.4921,13.3344,8.03948,8.74003,26.2708,58.8612
18,-0.994992,12.855,10.3698,10.437,11.6707,13.4921,13.3347,8.03947,8.74047,26.2707,58.8566
19,-0.994714,12.855,10.3699,10.4367,11.6704,13.4921,13.3344,8.03947,8.7404,26.2707,58.8524
20,-0.994425,12.8546,10.37,10.4366,11.6706,13.4918,13.334,8.03947,8.7405,26.2706,58.8487
21,-0.994147,12.8543,10.3708,10.4359,11.6706,13.4925,13.3342,8.03932,8.74058,26.2706,58.8452
22,-0.993869,12.8539,10.3704,10.4357,11.6704,13.4932,13.3339,8.03919,8.74051,26.2705,58.8422
23,-0.993591,12.8537,10.37,10.4357,11.6704,13.4933,13.3345,8.03907,8.74075,26.2705,58.8394
24,-0.993313,12.8541,10.3701,10.4355,11.6706,13.4937,13.3342,8.03897,8.74019,26.2707,58.8368
25,-0.993024,12.8545,10.3701,10.4353,11.6707,13.494,13.3339,8.03887,8.73969,26.2709,58.8345
26,-0.991067,12.8663,10.3877,10.4532,11.6912,13.5209,13.3484,8.04149,8.74401,26.2594,58.8502
27,-0.954731,12.8765,10.4037,10.4694,11.7098,13.5451,13.3614,8.04401,8.74792,26.249,58.8643
28,-0.954453,12.8858,10.4183,10.4847,11.7266,13.5666,13.3733,8.04642,8.75192,26.2386,58.8762
29,-0.954175,12.8939,10.4313,10.4984,11.7418,13.5864,13.3844,8.04847,8.75539,26.2292,58.8849
30,-0.953897,12.9018,10.4435,10.5105,11.7557,13.6043,13.3944,8.05046,8.75867,26.2207,58.8928
31,-0.953619,12.9091,10.4543,10.5218,11.7681,13.6205,13.4032,8.05226,8.76165,26.213,58.8999
32,-0.953341,12.9153,10.4641,10.5319,11.7796,13.6351,13.4112,8.05389,8.76403,26.2061,58.9064
33,-0.953063,12.9208,10.4728,10.5413,11.7897,13.6483,13.4186,8.05537,8.76634,26.1998,58.9122
34,-0.952785,12.9268,10.4806,10.5491,11.7987,13.6603,13.4249,8.05642,8.76813,26.1941,58.9175
35,-0.952497,12.9315,10.4877,10.5569,11.8068,13.6709,13.4308,8.05737,8.76989,26.1899,58.9222
36,-0.952219,12.9365,10.4949,10.5642,11.8145,13.681,13.4361,8.05837,8.7718,26.1861,58.9266
37,-0.95194,12.9403,10.501,10.5709,11.822,13.6899,13.4415,8.05928,8.77322,26.1826,58.9305
38,-0.951662,12.9442,10.5065,10.5771,11.8281,13.6981,13.446,8.06024,8.77481,26.1795,58.934
39,-0.951384,12.9479,10.5117,10.5826,11.834,13.7054,13.4502,8.06111,8.77625,26.1767,58.9372
40,-0.951096,12.9511,10.5161,10.5876,11.8394,13.7119,13.4539,8.06176,8.77724,26.1742,58.9401
41,-0.950818,12.9544,10.52,10.5914,11.8434,13.7179,13.457,8.06234,8.77814,26.1719,58.9427
42,-0.95054,12.9567,10.5237,10.595,11.8477,13.7232,13.4604,8.06287,8.77895,26.1691,58.9451
43,-0.950262,12.9588,10.5267,10.5982,11.8513,13.7281,13.4631,8.06321,8.77984,26.1663,58.9472
44,-0.949984,12.9614,10.53,10.6017,11.8544,13.7325,13.4656,8.06365,8.78049,26.1638,58.9492
45,-0.949695,12.9637,10.5327,10.6051,11.8574,13.7367,13.4679,8.06406,8.78124,26.1616,58.9509
46,-0.949417,12.9654,10.5352,10.6081,11.8606,13.7405,13.47,8.06442,8.78206,26.1595,58.9525
47,-0.949139,12.9673,10.5371,10.6105,11.8632,13.744,13.4718,8.06475,8.78281,26.1576,58.9539
48,-0.948861,12.9684,10.5389,10.6125,11.8654,13.7468,13.4732,8.06505,8.78303,26.156,58.9552
49,-0.948583,12.9694,10.5404,10.6146,11.8671,13.7497,13.4748,8.06518,8.78337,26.1544,58.9564
50,-0.948294,12.9698,10.542,10.6166,11.8689,13.7523,13.4759,8.06558,8.78384,26.1531,58.9575
51,-0.948016,12.9711,10.5438,10.6183,11.8712,13.7546,13.4772,8.0658,8.78396,26.1518,58.9584
52,-0.947738,12.9723,10.5456,10.6201,11.8732,13.7567,13.4794,8.066,8.78437,26.1507,58.9593
53,-0.94746,12.9731,10.5471,10.6217,11.8746,13.7586,13.4803,8.06618,8.78475,26.1497,58.9601
54,-0.947182,12.9744,10.5484,10.6232,11.8763,13.7603,13.4814,8.06648,8.78508,26.1488,58.9608
55,-0.946899,12.9745,10.5491,10.6241,11.8775,13.7619,13.4822,8.06662,8.78493,26.1479,58.9615
56,-0.946621,12.9747,10.5498,10.6254,11.8783,13.7633,13.4829,8.06674,8.78509,26.147,58.962
57,-0.946343,12.9758,10.5505,10.6263,11.879,13.7646,13.4833,8.06699,8.7854,26.1454,58.9655
58,-0.946065,12.9763,10.551,10.6271,11.8797,13.7658,13.4836,8.06722,8.78583,26.1439,58.9687
59,-0.945787,12.9772,10.5517,10.6277,11.8805,13.7668,13.4849,8.06714,8.78606,26.1426,58.9715
60,-0.945504,12.9769,10.5526,10.6286,11.881,13.7678,13.4863,8.06736,8.78628,26.1414,58.9741
61,-0.945226,12.9775,10.5531,10.6292,11.8823,13.7686,13.4871,8.06755,8.78647,26.1403,58.9764
62,-0.944948,12.9783,10.5533,10.6294,11.8825,13.7694,13.4873,8.06744,8.78618,26.1393,58.9785
63,-0.94467,12.9781,10.5534,10.6297,11.8836,13.7701,13.4875,8.06748,8.78638,26.1385,58.9804
64,-0.944392,12.9789,10.554,10.6301,11.8841,13.7707,13.4877,8.06752,8.78641,26.1386,58.9796
65,-0.944108,12.9795,10.5547,10.6307,11.8843,13.7715,13.4878,8.0677,8.78628,26.1387,58.9785
66,-0.94383,12.9802,10.5554,10.6311,11.8848,13.7723,13.4887,8.068,8.78663,26.1389,58.9774
67,-0.943552,12.9807,10.5558,10.6315,11.8862,13.7727,13.4895,8.06799,8.78679,26.139,58.9765
68,-0.943274,12.9812,10.5559,10.6319,11.8875,13.7731,13.4897,8.06813,8.78662,26.1391,58.9756
69,-0.942996,12.9814,10.5558,10.632,11.8877,13.7739,13.4902,8.06796,8.78663,26.1392,58.9749
70,-0.942708,12.9819,10.5558,10.6323,11.8882,13.7745,13.4904,8.06781,8.78694,26.1392,58.9742
71,-0.942429,12.9823,10.5561,10.6324,11.889,13.7749,13.491,8.06782,8.78692,26.1393,58.9736
72,-0.942151,12.9826,10.5568,10.6326,11.8898,13.7756,13.4913,8.06797,8.78689,26.1394,58.973
73,-0.941873,12.9829,10.5572,10.633,11.8899,13.7764,13.4919,8.06796,8.78703,26.1394,58.9725
74,-0.941595,12.9832,10.5573,10.6332,11.8905,13.777,13.4926,8.0681,8.78715,26.1395,58.972
75,-0.941307,12.9835,10.5573,10.6332,11.8909,13.777,13.4928,8.06808,8.78726,26.1395,58.9716
76,-0.941029,12.9837,10.5577,10.6332,11.8909,13.7779,13.4927,8.06806,8.7872,26.1396,58.9712
77,-0.940751,12.9839,10.5574,10.6332,11.8911,13.7786,13.4934,8.06804,8.78715,26.1396,58.9709
78,-0.940473,12.9832,10.5576,10.6332,11.8916,13.7789,13.4935,8.06803,8.78711,26.1378,58.9705
79,-0.940195,12.9835,10.5577,10.6336,11.8919,13.7794,13.4945,8.06802,8.78707,26.1361,58.9703
80,-0.939906,12.9837,10.5579,10.6339,11.8928,13.7799,13.495,8.06815,8.78718,26.1345,58.97
81,-0.939628,12.9839,10.5589,10.6342,11.8936,13.7806,13.495,8.06826,8.78729,26.1331,58.9698
82,-0.93935,12.9841,10.5593,10.6343,11.894,13.781,13.4959,8.06851,8.78739,26.1319,58.9696
83,-0.939072,12.9843,10.5602,10.6343,11.894,13.7813,13.4965,8.0686,8.78747,26.1308,58.9694
84,-0.938794,12.9842,10.5605,10.6342,11.8941,13.7819,13.4968,8.06853,8.78755,26.1297,58.9692
85,-0.938505,12.9844,10.5607,10.6343,11.8942,13.7821,13.497,8.06833,8.78731,26.1298,58.9691
86,-0.938227,12.9845,10.5611,10.6344,11.8944,13.7824,13.4973,8.06843,8.78741,26.1298,58.9689
87,-0.937949,12.9847,10.5615,10.6346,11.8949,13.7823,13.4975,8.06852,8.7878,26.1298,58.9688
88,-0.937671,12.9848,10.5612,10.6347,11.8951,13.7828,13.4982,8.0686,8.78785,26.1298,58.9687
89,-0.937393,12.9849,10.5614,10.6347,11.8955,13.7832,13.4983,8.06868,8.78805,26.1298,58.9686
90,-0.937104,12.9848,10.5615,10.6346,11.8954,13.7838,13.4987,8.06875,8.78822,26.1299,58.9685
91,-0.936826,12.9849,10.5619,10.6342,11.8956,13.7841,13.499,8.06866,8.78808,26.1299,58.9684
92,-0.936547,12.985,10.5612,10.6339,11.8955,13.7842,13.4995,8.06873,8.78794,26.1306,58.9683
93,-0.936269,12.9851,10.5619,10.6339,11.8956,13.7845,13.4998,8.0688,8.78767,26.1315,58.9682
94,-0.935991,12.9852,10.5622,10.6344,11.896,13.785,13.5,8.06885,8.78773,26.1323,58.9682
95,-0.935702,12.9852,10.5625,10.6344,11.8957,13.7854,13.5002,8.06876,8.78778,26.133,58.9681
96,-0.935424,12.9853,10.5629,10.6347,11.8962,13.7858,13.5004,8.06868,8.78768,26.1337,58.9681
97,-0.935146,12.9854,10.5631,10.6349,11.8967,13.786,13.5003,8.06875,8.78789,26.1343,58.968
98,-0.934868,12.9852,10.5627,10.6347,11.8963,13.7863,13.5,8.06866,8.78793,26.1348,58.968
99,-0.93459,12.9853,10.5627,10.6348,11.8964,13.7869,13.5,8.06859,8.78797,26.1349,58.9679
100,-0.934301,12.9853,10.5628,10.635,11.8966,13.7869,13.5002,8.06867,8.78815,26.1344,58.9679
101,-0.934023,12.9852,10.563,10.6348,11.8967,13.7869,13.5003,8.06859,8.78817,26.134,58.9679
102,-0.933745,12.9848,10.563,10.635,11.8971,13.7872,13.5005,8.06867,8.78818,26.1336,58.9678
103,-0.933467,12.9849,10.563,10.635,11.8973,13.7875,13.5004,8.06888,8.78819,26.1333,58.9678
104,-0.933189,12.985,10.563,10.6352,11.8977,13.7877,13.5011,8.06907,8.78835,26.133,58.9678
105,-0.932901,12.9851,10.5626,10.6352,11.8979,13.7876,13.5012,8.06896,8.7885,26.1327,58.9678
106,-0.932623,12.9852,10.563,10.6352,11.8978,13.7878,13.5013,8.069,8.78848,26.1326,58.9678
107,-0.932345,12.9852,10.5634,10.6354,11.8981,13.788,13.5013,8.06918,8.78862,26.1333,58.9677
108,-0.932067,12.9853,10.5637,10.6355,11.8984,13.7882,13.5019,8.0692,8.78874,26.1339,58.9677
109,-0.931789,12.9854,10.564,10.6357,11.8989,13.7883,13.5024,8.06922,8.78886,26.1345,58.9677
110,-0.9315,12.9854,10.5643,10.6356,11.899,13.7885,13.5026,8.06938,8.7888,26.135,58.9677
111,-0.931222,12.9855,10.5647,10.6354,11.8988,13.7891,13.503,8.06924,8.78876,26.1355,58.9677
112,-0.930944,12.9853,10.5645,10.6352,11.8986,13.7889,13.5034,8.06925,8.78856,26.1359,58.9677
113,-0.930666,12.9851,10.5649,10.6348,11.8987,13.789,13.5038,8.06912,8.78853,26.1363,58.9677
114,-0.930388,12.9852,10.5651,10.635,11.8991,13.7891,13.5039,8.069,8.78836,26.1367,58.9677
115,-0.930099,12.9853,10.5655,10.6352,11.8993,13.7891,13.504,8.06904,8.7885,26.137,58.9677
116,-0.929821,12.9853,10.5656,10.6354,11.8995,13.7897,13.5043,8.06922,8.78864,26.1373,58.9676
117,-0.929543,12.9854,10.5655,10.6353,11.8997,13.7899,13.5045,8.06923,8.78876,26.1375,58.9676
118,-0.929265,12.9855,10.5658,10.6355,11.8997,13.7902,13.5048,8.06925,8.78872,26.1378,58.9676
119,-0.928987,12.9855,10.5659,10.6355,11.8998,13.7904,13.5043,8.06926,8.78837,26.138,58.9676
120,-0.928699,12.9853,10.5662,10.6352,11.8996,13.7903,13.5046,8.06927,8.78821,26.1382,58.9676
121,-0.928421,12.9854,10.5665,10.635,11.8993,13.7903,13.5048,8.06914,8.78822,26.1393,58.9659
122,-0.928143,12.9854,10.5667,10.635,11.8995,13.7902,13.505,8.06902,8.78822,26.1403,58.9631
123,-0.927865,12.9859,10.5669,10.6352,11.8999,13.7902,13.505,8.06906,8.78823,26.1412,58.9606
124,-0.927587,12.9859,10.5671,10.6354,11.9001,13.7901,13.505,8.06909,8.78839,26.1421,58.9583
125,-0.927298,12.9859,10.5674,10.6356,11.9012,13.7903,13.5049,8.06926,8.78854,26.1428,58.9563
126,-0.92702,12.9859,10.5675,10.6355,11.9015,13.7905,13.5052,8.06927,8.78851,26.1435,58.9544
127,-0.926742,12.9855,10.5677,10.6353,11.9012,13.7907,13.5053,8.06928,8.78865,26.1441,58.9527
128,-0.926464,12.9855,10.5678,10.6351,11.9013,13.7906,13.5055,8.06929,8.78877,26.1437,58.952
129,-0.926186,12.9856,10.5682,10.6351,11.9017,13.7908,13.5059,8.0693,8.78857,26.1434,58.9535
130,-0.925897,12.9856,10.5683,10.6351,11.9021,13.7907,13.506,8.06945,8.78854,26.1431,58.9548
131,-0.925619,12.9859,10.5685,10.6356,11.9022,13.7906,13.5061,8.06945,8.78868,26.1428,58.9561
132,-0.925341,12.9859,10.5689,10.6356,11.9024,13.7908,13.5062,8.0693,8.78864,26.1425,58.9572
133,-0.925063,12.9859,10.5691,10.6361,11.9029,13.7904,13.5063,8.06945,8.78876,26.1423,58.9581
134,-0.924785,12.9859,10.5691,10.636,11.903,13.7906,13.5064,8.0693,8.78887,26.142,58.959
135,-0.924497,12.9864,10.5692,10.6361,11.903,13.791,13.5065,8.06945,8.78897,26.1428,58.9599
136,-0.924219,12.9863,10.5695,10.6362,11.9035,13.7909,13.5068,8.06945,8.78906,26.1435,58.9576
137,-0.923941,12.9868,10.5698,10.6364,11.9041,13.791,13.5068,8.06944,8.78914,26.1441,58.9556
138,-0.923663,12.9869,10.5697,10.6369,11.9049,13.7912,13.5069,8.06958,8.78922,26.1447,58.9538
139,-0.923385,12.9868,10.5697,10.6371,11.9052,13.7913,13.5071,8.06956,8.78913,26.1452,58.9522
140,-0.923096,12.9867,10.5698,10.6373,11.9055,13.7914,13.5071,8.06955,8.78921,26.1456,58.9507
141,-0.922818,12.9867,10.5697,10.637,11.9055,13.7917,13.5071,8.06939,8.78927,26.1461,58.9494
142,-0.92254,12.9866,10.5701,10.6372,11.9064,13.7918,13.5071,8.0691,8.78918,26.1457,58.9482
143,-0.922262,12.9865,10.5702,10.6372,11.9068,13.7921,13.5081,8.06927,8.78941,26.1452,58.9471
144,-0.921984,12.9865,10.5708,10.6378,11.9071,13.7924,13.508,8.06928,8.78961,26.1447,58.9461
145,-0.921695,12.9869,10.5706,10.6375,11.9072,13.7924,13.5084,8.06929,8.78948,26.1443,58.9452
146,-0.921417,12.9868,10.571,10.6378,11.9073,13.7926,13.5086,8.0693,8.78953,26.1439,58.9444
147,-0.921139,12.9867,10.5713,10.6383,11.9075,13.7928,13.5084,8.06917,8.78941,26.1435,58.9436
148,-0.920861,12.9866,10.5711,10.6382,11.9076,13.793,13.5083,8.06905,8.7893,26.1432,58.943
149,-0.920583,12.9866,10.5712,10.6383,11.907,13.7932,13.5082,8.06894,8.78921,26.1429,58.9424
150,-0.920297,12.9868,10.5717,10.6383,11.9075,13.7934,13.5081,8.06898,8.78928,26.1426,58.9418
151,-0.920019,12.9869,10.5718,10.6382,11.9078,13.7935,13.508,8.06916,8.78918,26.1423,58.9413
152,-0.919741,12.9875,10.5721,10.6385,11.9082,13.7937,13.5084,8.06918,8.78941,26.1421,58.9409
153,-0.919463,12.9881,10.5727,10.6395,11.9088,13.7938,13.5083,8.0692,8.78946,26.1419,58.9405
154,-0.919185,12.9879,10.5729,10.64,11.9092,13.7939,13.5092,8.06922,8.7895,26.1417,58.9401
155,-0.918896,12.9877,10.5731,10.6399,11.9093,13.794,13.5097,8.06909,8.78954,26.1416,58.9398
156,-0.918618,12.9882,10.5732,10.6402,11.9092,13.7941,13.5095,8.06912,8.78958,26.1414,58.9395
157,-0.91834,12.988,10.5735,10.6404,11.9095,13.7942,13.5102,8.06901,8.78961,26.1413,58.9392
158,-0.918062,12.9887,10.5736,10.6412,11.9102,13.7942,13.5102,8.06904,8.78964,26.1412,58.939
159,-0.917784,12.9896,10.5739,10.6412,11.9106,13.7943,13.5104,8.06907,8.78967,26.141,58.9387
160,-0.917495,12.9897,10.574,10.6412,11.9108,13.7944,13.5103,8.0691,8.78953,26.1409,58.9385
161,-0.917217,12.9898,10.5744,10.6413,11.9113,13.7944,13.5102,8.06913,8.78942,26.1409,58.9384
162,-0.916939,12.9895,10.5744,10.6415,11.9117,13.7945,13.5102,8.06901,8.78947,26.1408,58.9382
163,-0.916661,12.9894,10.5746,10.6416,11.9115,13.7945,13.5109,8.06905,8.78951,26.1407,58.938
164,-0.916383,12.9895,10.575,10.6423,11.9118,13.7946,13.5115,8.06922,8.78955,26.1406,58.9379
165,-0.916095,12.9894,10.5753,10.6424,11.9112,13.7946,13.5113,8.06924,8.78958,26.1406,58.9378
166,-0.915817,12.9893,10.576,10.6424,11.9112,13.7946,13.5117,8.06925,8.78977,26.1405,58.9377
167,-0.915539,12.989,10.5761,10.6426,11.9111,13.7947,13.512,8.06912,8.78963,26.1405,58.9376
168,-0.915261,12.9887,10.5765,10.6432,11.9112,13.7947,13.5122,8.06915,8.78966,26.1404,58.9375
169,-0.914983,12.9884,10.5763,10.6434,11.9115,13.7947,13.5125,8.06932,8.78968,26.1404,58.9374
170,-0.914689,12.9882,10.5761,10.6437,11.9116,13.7947,13.5127,8.06918,8.7897,26.1403,58.9373
171,-0.914411,12.988,10.5764,10.6442,11.9115,13.795,13.5129,8.06934,8.78988,26.1394,58.9356
172,-0.914133,12.988,10.5766,10.6448,11.9118,13.795,13.5133,8.0692,8.78988,26.1385,58.9327
173,-0.913855,12.9883,10.5769,10.6452,11.9121,13.795,13.5137,8.06922,8.79004,26.1377,58.9302
174,-0.913577,12.9888,10.5773,10.6453,11.9121,13.795,13.5138,8.06924,8.79003,26.1369,58.9278
175,-0.913289,12.9885,10.5772,10.6453,11.9119,13.795,13.5139,8.06911,8.78986,26.1363,58.9257
176,-0.913011,12.9883,10.5775,10.6454,11.912,13.7957,13.514,8.06928,8.79002,26.1357,58.9238
177,-0.912733,12.988,10.578,10.6456,11.912,13.7959,13.5138,8.06929,8.78986,26.1351,58.9221
178,-0.912455,12.9883,10.5784,10.6457,11.9118,13.7958,13.5139,8.06916,8.78971,26.1337,58.9205
179,-0.912177,12.9888,10.5788,10.6462,11.9121,13.7962,13.5147,8.06932,8.78989,26.1324,58.9191
180,-0.911888,12.9887,10.5791,10.6464,11.9126,13.7964,13.5147,8.06933,8.79004,26.1312,58.9178
181,-0.91161,12.9889,10.5794,10.6468,11.9128,13.7967,13.5152,8.06933,8.79003,26.1301,58.9167
182,-0.911332,12.9891,10.5797,10.647,11.9129,13.7978,13.5159,8.06934,8.79002,26.1292,58.9156
183,-0.911054,12.99,10.58,10.647,11.9131,13.7975,13.5163,8.06949,8.79001,26.1283,58.9147
184,-0.910776,12.9903,10.5802,10.647,11.9132,13.7975,13.5164,8.06933,8.78969,26.1275,58.9138
185,-0.910487,12.9908,10.5804,10.647,11.913,13.7973,13.5162,8.0692,8.78956,26.1277,58.913
186,-0.910209,12.992,10.5806,10.6471,11.9131,13.798,13.5168,8.06936,8.78944,26.128,58.9123
187,-0.909931,12.9921,10.5808,10.6473,11.9135,13.7985,13.5169,8.0695,8.78964,26.1282,58.9117
188,-0.909653,12.9922,10.5809,10.6474,11.9136,13.7987,13.5174,8.06949,8.78967,26.1283,58.9111
189,-0.909375,12.9925,10.5811,10.6477,11.9139,13.7985,13.5174,8.06948,8.78969,26.1285,58.9106
190,-0.909086,12.993,10.5812,10.648,11.9142,13.7987,13.5181,8.06947,8.78971,26.1286,58.9102
191,-0.908808,12.9928,10.5811,10.6481,11.914,13.7986,13.5183,8.06947,8.78973,26.1288,58.9097
192,-0.90853,12.9931,10.5812,10.6482,11.9139,13.7987,13.5182,8.06946,8.78975,26.1289,58.9093
193,-0.908252,12.9929,10.5817,10.6484,11.9141,13.7999,13.5186,8.0696,8.78977,26.129,58.909
194,-0.907974,12.9934,10.5818,10.6483,11.914,13.8004,13.5187,8.06958,8.78978,26.1291,58.9087
195,-0.907686,12.9943,10.5818,10.6489,11.9143,13.8006,13.5191,8.06956,8.78979,26.1292,58.9084
196,-0.907408,12.9942,10.5823,10.6489,11.9145,13.8011,13.5189,8.06954,8.78996,26.1293,58.9081
197,-0.90713,12.9946,10.5825,10.649,11.9147,13.8015,13.519,8.06967,8.78996,26.1293,58.9079
198,-0.906852,12.9949,10.5825,10.6488,11.9145,13.8011,13.5193,8.06979,8.78995,26.1294,58.9077
199,-0.906573,12.995,10.5825,10.649,11.9147,13.8015,13.5196,8.06975,8.7898,26.1294,58.9075
200,-0.906285,12.9941,10.5826,10.6495,11.9149,13.8021,13.5201,8.06986,8.78996,26.1295,58.9044
201,-0.906007,12.9936,10.5826,10.6498,11.9151,13.8029,13.5206,8.06996,8.78996,26.1295,58.9016
202,-0.905729,12.994,10.5828,10.6499,11.9151,13.8032,13.521,8.07004,8.78995,26.1296,58.899
203,-0.905451,12.9942,10.5827,10.6498,11.9152,13.8034,13.5214,8.06998,8.79011,26.1296,58.8967
204,-0.905173,12.9948,10.5829,10.6503,11.9156,13.8033,13.5212,8.06978,8.79024,26.1297,58.8946
205,-0.904879,12.9951,10.5828,10.6499,11.9153,13.8033,13.5214,8.06946,8.79006,26.1297,58.8927
206,-0.904601,12.9942,10.5828,10.6498,11.9152,13.8032,13.5217,8.06931,8.78989,26.1299,58.891
207,-0.904323,12.9944,10.5831,10.6497,11.9154,13.8032,13.522,8.06932,8.78989,26.1308,58.8894
208,-0.904045,12.9942,10.5831,10.6502,11.9162,13.8036,13.5225,8.06932,8.79005,26.1317,58.888
209,-0.903767,12.9951,10.5836,10.6503,11.9162,13.8043,13.523,8.06933,8.79019,26.1325,58.8868
210,-0.903478,12.9956,10.5834,10.6503,11.9163,13.8046,13.5232,8.06948,8.79032,26.1332,58.8856
211,-0.9032,12.9961,10.5833,10.6502,11.9161,13.8052,13.5234,8.06961,8.79028,26.1339,58.8846
212,-0.902922,12.9967,10.5833,10.6498,11.9158,13.8047,13.523,8.06959,8.79025,26.1344,58.8837
213,-0.902644,12.9969,10.5832,10.6495,11.9157,13.8048,13.5232,8.06957,8.79006,26.135,58.8828
214,-0.902366,12.9963,10.5831,10.6497,11.9156,13.8051,13.5234,8.06941,8.79005,26.1354,58.8846
215,-0.902078,12.9969,10.583,10.6496,11.9161,13.8056,13.5235,8.06955,8.79019,26.1359,58.8866
216,-0.9018,12.9975,10.583,10.6499,11.9168,13.8056,13.5237,8.06968,8.79016,26.1363,58.8884
217,-0.901522,12.998,10.5829,10.6496,11.9168,13.8056,13.5238,8.0698,8.79014,26.1366,58.89
218,-0.901244,12.998,10.5832,10.6499,11.917,13.806,13.5239,8.0699,8.79027,26.1369,58.8915
219,-0.900966,12.9983,10.5835,10.6496,11.9168,13.8065,13.524,8.06999,8.79024,26.1372,58.8929
220,-0.900673,12.9978,10.5836,10.6499,11.9168,13.8061,13.5241,8.07008,8.79021,26.1375,58.8941
221,-0.900395,12.9978,10.5837,10.65,11.9168,13.8065,13.5242,8.07016,8.79018,26.1377,58.8935
222,-0.900117,12.9981,10.5837,10.65,11.9168,13.8067,13.5243,8.07008,8.79016,26.138,58.8917
223,-0.899839,12.9985,10.5845,10.6503,11.9168,13.8068,13.525,8.07002,8.79013,26.1382,58.8901
224,-0.899561,12.999,10.5845,10.6503,11.9166,13.8067,13.525,8.0701,8.79027,26.1383,58.8886
225,-0.899273,12.9993,10.5843,10.6506,11.9166,13.807,13.5258,8.07018,8.79039,26.1385,58.8873
226,-0.898995,12.999,10.5845,10.6508,11.9166,13.8074,13.5257,8.0701,8.79035,26.1386,58.8861
227,-0.898717,12.9994,10.5843,10.6506,11.9165,13.8077,13.5256,8.07018,8.7903,26.1388,58.885
228,-0.898439,12.9997,10.5841,10.6506,11.9171,13.8077,13.5256,8.0701,8.79027,26.1389,58.8841
229,-0.898161,13,10.5847,10.6515,11.9175,13.808,13.5265,8.07018,8.79039,26.139,58.8832
230,-0.897872,13.0003,10.5849,10.6515,11.9179,13.8082,13.5268,8.07024,8.7905,26.1391,58.8824
231,-0.897594,13.0006,10.5854,10.6518,11.9178,13.8082,13.5271,8.07031,8.7906,26.1392,58.8816
232,-0.897316,13.001,10.5858,10.6524,11.9177,13.8082,13.5272,8.07022,8.79053,26.1392,58.881
233,-0.897038,13.0012,10.5857,10.6521,11.9176,13.8084,13.5277,8.07014,8.79063,26.1393,58.8804
234,-0.89676,13.0011,10.5854,10.6519,11.9173,13.8084,13.5274,8.07007,8.79041,26.1394,58.8798
235,-0.896472,13.0013,10.5853,10.6518,11.9173,13.8086,13.5277,8.06986,8.79036,26.1404,58.8794
236,-0.896194,13.0015,10.5854,10.6521,11.9179,13.809,13.5279,8.06996,8.79047,26.1413,58.8789
237,-0.895915,13.0016,10.5855,10.6525,11.9182,13.8092,13.5279,8.07005,8.79042,26.1421,58.8785
238,-0.895637,13.0017,10.5855,10.6529,11.9183,13.8093,13.5285,8.07013,8.79053,26.1429,58.8782
239,-0.895359,13.0019,10.586,10.6533,11.9183,13.8094,13.5292,8.07006,8.79062,26.1436,58.8778
240,-0.89507,13.002,10.5862,10.6536,11.9184,13.8093,13.5293,8.06999,8.79056,26.1442,58.8775
241,-0.894792,13.0021,10.586,10.6531,11.9181,13.8089,13.5288,8.07008,8.79034,26.1447,58.8773
242,-0.894514,13.0021,10.5864,10.6529,11.9181,13.8088,13.5297,8.06987,8.7903,26.1452,58.877
243,-0.894236,13.0022,10.5862,10.6527,11.9182,13.809,13.5302,8.06982,8.79011,26.1457,58.8768
244,-0.893958,13.0023,10.5872,10.6527,11.9183,13.8094,13.5307,8.06964,8.79009,26.1461,58.8766
245,-0.893669,13.0024,10.5876,10.6536,11.9186,13.8097,13.5313,8.06976,8.79023,26.1465,58.8764
246,-0.893391,13.0024,10.5881,10.6541,11.9184,13.8101,13.5319,8.06987,8.79051,26.1468,58.8763
247,-0.893113,13.0025,10.5883,10.6547,11.9187,13.8101,13.5323,8.06996,8.79061,26.1471,58.8761
248,-0.892835,13.0025,10.5886,10.6545,11.9189,13.8102,13.5328,8.06991,8.79054,26.1474,58.876
249,-0.892557,13.0026,10.5886,10.6549,11.9196,13.8102,13.533,8.06986,8.79048,26.1476,58.8759
250,-0.892268,13.0026,10.5889,10.6554,11.9197,13.8102,13.5339,8.06996,8.79028,26.1479,58.8728
251,-0.89199,13.0026,10.5894,10.6561,11.9201,13.8105,13.5338,8.07005,8.7904,26.1481,58.8701
252,-0.891712,13.0031,10.5902,10.6567,11.9202,13.8108,13.5339,8.07013,8.7905,26.1482,58.8675
253,-0.891434,13.0031,10.5904,10.6573,11.9209,13.8107,13.5343,8.06991,8.79076,26.1484,58.8653
254,-0.891156,13.0033,10.5902,10.658,11.9214,13.8107,13.5346,8.07001,8.79083,26.1486,58.8632
255,-0.890868,13.0033,10.5898,10.6578,11.9212,13.8107,13.5344,8.06995,8.79075,26.1487,58.8614
256,-0.89059,13.0033,10.5897,10.6577,11.9214,13.8107,13.535,8.06989,8.79082,26.1491,58.8597
257,-0.890312,13.0032,10.5899,10.658,11.922,13.8109,13.5357,8.06999,8.79089,26.1511,58.8582
258,-0.890034,13.0039,10.5901,10.6584,11.9217,13.8111,13.5354,8.06993,8.79095,26.1529,58.8568
259,-0.889756,13.004,10.5903,10.6588,11.9219,13.8108,13.5354,8.07002,8.79101,26.1545,58.8556
260,-0.889467,13.0039,10.5909,10.6591,11.9225,13.8111,13.5354,8.06996,8.79106,26.156,58.8545
261,-0.889189,13.0038,10.5914,10.6593,11.9228,13.8113,13.5358,8.06991,8.79095,26.1573,58.8534
262,-0.888911,13.0045,10.5916,10.6596,11.923,13.8112,13.5358,8.06986,8.79101,26.1585,58.8525
263,-0.888633,13.0043,10.5918,10.6589,11.9235,13.8111,13.5359,8.06981,8.7909,26.1596,58.8517
264,-0.888355,13.0042,10.5922,10.6587,11.9237,13.8111,13.5364,8.06992,8.79096,26.1616,58.8509
265,-0.888066,13.0048,10.5926,10.6589,11.9239,13.8113,13.537,8.07001,8.79102,26.1633,58.8503
266,-0.887788,13.0053,10.5929,10.6592,11.9241,13.8115,13.5375,8.06995,8.79091,26.1649,58.8496
267,-0.88751,13.0053,10.593,10.6588,11.9242,13.8116,13.5378,8.0699,8.79082,26.1663,58.8491
268,-0.887232,13.0051,10.5933,10.659,11.9246,13.8118,13.538,8.07013,8.79104,26.1676,58.8486
269,-0.886954,13.0051,10.5938,10.6585,11.9247,13.8122,13.538,8.07006,8.79109,26.1688,58.8481
270,-0.886665,13.0049,10.594,10.6585,11.925,13.8123,13.5384,8.07,8.79098,26.1699,58.8477
271,-0.886387,13.0049,10.5942,10.6582,11.9255,13.8123,13.5388,8.06994,8.79103,26.1709,58.8456
272,-0.886109,13.0052,10.5944,10.6586,11.9255,13.8124,13.539,8.07003,8.79108,26.1717,58.8425
273,-0.885831,13.0059,10.5945,10.6586,11.9255,13.8125,13.5391,8.06997,8.79112,26.1725,58.8397
274,-0.885553,13.0059,10.595,10.659,11.9259,13.8126,13.5394,8.07006,8.79132,26.1732,58.8371
275,-0.885265,13.0063,10.5955,10.6595,11.9263,13.8134,13.5395,8.07014,8.79119,26.1739,58.8348
276,-0.884987,13.0069,10.5955,10.6596,11.9265,13.8133,13.5393,8.07021,8.79122,26.1745,58.8327
277,-0.884709,13.0065,10.5958,10.6595,11.9268,13.8133,13.5397,8.07013,8.7911,26.175,58.8308
278,-0.884431,13.0064,10.5962,10.6592,11.9267,13.8143,13.5397,8.07006,8.79114,26.1755,58.8291
279,-0.884153,13.0068,10.5963,10.6592,11.9268,13.8144,13.54,8.07014,8.79133,26.1759,58.8276
280,-0.883864,13.0071,10.5963,10.6593,11.9271,13.8151,13.5403,8.07021,8.79212,26.1763,58.8262
281,-0.883586,13.0081,10.5965,10.6596,11.9274,13.8161,13.5408,8.07028,8.79222,26.1766,58.8249
282,-0.883308,13.009,10.5972,10.6601,11.9279,13.8168,13.5409,8.07019,8.79216,26.177,58.8237
283,-0.88303,13.0101,10.5976,10.6603,11.9279,13.8172,13.5411,8.07026,8.79225,26.1772,58.8227
284,-0.882752,13.0103,10.5977,10.6603,11.9279,13.8178,13.5413,8.07032,8.79219,26.1775,58.8218
285,-0.882463,13.0112,10.5981,10.6603,11.9281,13.8181,13.5414,8.07023,8.79197,26.1777,58.8209
286,-0.882185,13.0116,10.5984,10.6603,11.9283,13.8187,13.5413,8.07029,8.79193,26.178,58.8172
287,-0.881907,13.0122,10.5986,10.6606,11.9285,13.8191,13.5417,8.07021,8.79189,26.1782,58.8138
288,-0.881629,13.0129,10.5987,10.6609,11.9288,13.8193,13.5418,8.07027,8.79201,26.1783,58.8108
289,-0.881351,13.0136,10.5997,10.6613,11.9292,13.82,13.5419,8.07033,8.79228,26.1785,58.808
290,-0.881063,13.014,10.5998,10.6612,11.929,13.8203,13.542,8.07067,8.79221,26.1786,58.8055
291,-0.880785,13.0145,10.6,10.6613,11.9287,13.8206,13.5423,8.07069,8.79199,26.1788,58.8033
292,-0.880506,13.0148,10.6,10.6614,11.9286,13.8209,13.5423,8.07071,8.7921,26.1782,58.8012
293,-0.880228,13.0153,10.6005,10.6615,11.929,13.8214,13.5429,8.07073,8.79205,26.1774,58.7964
294,-0.87995,13.0158,10.6008,10.6618,11.9293,13.8221,13.5429,8.07074,8.79231,26.1767,58.7921
295,-0.879662,13.0157,10.6013,10.6619,11.9292,13.8225,13.5436,8.07076,8.79254,26.1761,58.7882
296,-0.879384,13.0161,10.6017,10.6621,11.9295,13.8229,13.5435,8.07077,8.79276,26.1755,58.7846
297,-0.879106,13.0165,10.6025,10.6622,11.9297,13.8234,13.5437,8.07078,8.79295,26.175,58.7814
298,-0.878828,13.0168,10.6028,10.662,11.9296,13.8237,13.5441,8.07065,8.79297,26.1745,58.7785
299,-0.87855,13.0171,10.6033,10.6619,11.9294,13.8237,13.5444,8.07053,8.79299,26.1745,58.7759
